name,gender
Mohib,male
Feras,male
Kotb,male
Robeir,male
AbdelKreim,male
Emil,male
Zohdy,male
Nayef,male
Yara,female
Heba,female
Athanasious,male
Sebaey,male
Bernada,female
Botros,male
Bahaa,male
Esraa,female
Moamen,male
Allam,male
Hanady,female
AbdelShafy,male
Samaan,male
Hafiza,female
Masry,female
David,male
Katia,female
Afaf,female
Azzouz,female
Qessmat,female
AbdelRady,male
Awaad,male
Fayek,male
Rony,male
Saly,female
Moez,male
Gomana,female
Gelila,female
Lerin,female
Zekry,male
Khadiga,female
Cicil,female
Dahy,male
Yamany,male
Fakih,male
Beshoy,male
AboNasr,male
Nehal,female
Aser,male
Saad,male
Naser,male
Moawad,male
Elia,female
Roshdy,male
AbdelMongy,male
Ammar,male
Nesima,female
Mariam,female
Chrestin,female
Wardany,male
Violette,female
Mounir,male
Ramadan,male
Sabry,Male
Nayera,female
Akef,male
Talal,male
Elhamy,male
Koka,male
Shehab,male
Makarem,male
Nourhan,female
AbdelZaher,male
Heikal,male
Hashem,male
Husseiny,male
Gaber,male
Karim,male
Alfy,male
AbdelMoaty,male
Hedayet,female
Hendawy,male
Moufid,male
sayed,male
Mourice,male
Ziad,male
Ebtehal,female
Menna,female
Hakam,male
Moghazy,male
Tohamy,male
AbdelHalim,male
Sohier,female
Nadia,female
Ramzy,male
AboZaid,male
Daniel,male
AboAbbas,male
Rimon,male
AbdelNaby,male
Nesr,male
Safey,female
AboKhair,male
Selmy,male
Soha,female
Evilin,female
Badawy,male
Gharib,male
Nagah,female
Soltan,male
Perihan,female
Mahitab,male
Shrief,male
Nasry,male
Ibtesam,female
Haytham,male
Koutb,male
Sahry,female
Wahba,female
Kholeifa,female
Hala,female
Ismail,male
Barraa,female
Marawa,female
Hatem,male
Zakareya,male
Sedky,male
Teiry,female
Mohaed,male
Sabah,female
Eman,female
Weam,male
zeinat,female
Robil,male
Shalaby,male
Mohd,male
Shahin,male
Mohy,male
Yasin,male
Lamiaa,female
Saadeya,female
Abaskhairon,male
Hamida,female
Caroline,female
Victor,male
Eva,female
Soufy,male
Catherine,female
Moataz,male
Farrag,male
Ehsan,male
Ayoub,male
Nagwa,female
Rania,female
Ahmed,male
Shameya,female
taymour,male
Tasbih,female
Nemr,male
Erian,female
Rageh,male
Taymour,male
Garzim,male
Abbas,male
Alaa,male
Mimy,female
Maya,female
Mahasen,female
Rawia,female
Naem,male
Aly,male
Afify,male
Fouad,male
Nour,female
Rowis,male
AbdelGalil,male
Gerita,female
Rabbah,female
Magy,female
Atallah,male
Maria,female
Monica,female
Edris,male
Mohmoud,male
Nancy,female
Naglaa,female
Albert,male
Mahdy,male
Abla,female
Beshir,male
Makram,male
Monzer,male
Awad,male
Fairouz,female
Nelly,female
Farag,male
Rana,female
Helal,male
Yazid,male
AbdelNaem,male
Bahir,male
Nazmy,male
Salah,male
Victoria,female
Shazly,male
Karen,female
Sameh,male
AboAzm,male
Dalal,female
AbdelWahab,male
Ensaf,female
AbdelTawab,male
Nafousa,female
Sallama,male
Onsy,male
Shaaban,male
AbdelMasih,male
Maher,male
Shady,male
Tawab,male
Abdin,male
Doha,female
Diaay,male
AbdelHafiz,male
AbdelHak,male
Lina,female
Georgette,female
Marawan,male
Gouda,male
Ramy,male
Safwa,female
Nariman,male
Ragheb,male
Soliman,male
Antoine,male
Asmahan,female
Mansour,male
Hosey,male
Hamady,male
Manar,female
Masrour,male
Fattouh,male
Sohaib,male
Omneya,female
Bedeir,male
Fathy,male
Anis,male
Karam,male
Arafat,male
Rafaat,male
Nagat,female
AbdelHay,male
Noura,female
Omima,female
Hilana,female
Michael,male
AboMakarem,male
Garo,male
Moddather,male
Haneya,female
AbdelFattah,male
Taha,male
vailen,female
Wafaa,female
George,male
Shams,male
Adel,male
Ayat,female
Neamat,female
mamdoh,male
Salam,male
Hosam,male
Basem,male
Yostina,female
Evan,male
Alber,male
AbdelHareth,male
Morsy,male
Adab,male
Monsef,male
Fady,male
Heidar,male
Mawood,male
Entesar,female
Zahraa,female
Maisa,female
Aisha,female
Pakinam,female
Antonious,male
Farawda,female
Refaey,male
Malek,male
Seddik,male
AboKaram,male
SeifIslam,male
Kadreya,female
Ragab,male
AbdelMarid,male
Lamaey,male
Mekheimar,male
Eriny,female
Peter,male
Farida,female
Edward,male
AbdelAziz,male
Thoraya,female
Wagdy,male
Khamis,male
AbdelKawy,male
Sawsan,female
Hammam,male
Sina,female
Suzette,female
Nardin,female
AbdelSayed,male
Yosry,male
Elham,female
Yousef,male
Osama,male
Boshra,female
Alfons,male
Lamis,female
Ghada,female
Alfred,male
Sandy,female
Mina,female
Robert,male
Goudat,male
Enayat,female
Araby,female
Eyad,male
AbdelMalek,male
Samih,male
Rashida,female
Shahinaz,female
Asmaa,female
Bakry,male
Rokaya,female
Salma,female
samir,male
Fargin,male
Khairat,male
Radwa,female
Kariman,female
Afnan,female
Tereiza,female
Rabea,female
Jackline,female
Younan,male
Nazem,male
Sheif,male
Asia,female
Haidy,female
Saddam,male
Naela,female
KaramAllah,female
Aouny,female
AbdelRashid,male
Salwa,female
Malak,male
Tayel,male
Enas,female
Ezz,male
Maghraby,male
Rafea,male
AbdelGawad,male
Hanaa,female
Gabbour,male
Zarif,male
Joneir,male
nagy,male
Abboudy,male
Sam,male
Maysara,female
Kazem,male
Deif,male
Noha,female
Shawky,male
Baligh,male
Gerges,male
AbdelMohsen,male
Eweis,male
Faisal,male
Fakher,male
Awny,male
Azzam,male
Kamil,male
FathAllah,male
Nashwa,female
Mohab,male
Angeil,male
Abir,male
FathBab,male
Randa,female
AboBakr,male
Nashaat,male
Andrawes,male
Badr,male
Mazhar,male
Tony,male
Bernaba,male
Madonna,male
Farhan,male
Milad,male
Tamim,male
Adib,male
Set,female
Asadallah,male
Hamid,male
Sherif,male
AbdelWakil,male
Sayeda,female
SeifAllah,male
Nermin,female
Lotfy,male
AbdelRahman,male
Moustafa,male
AbdRabbo,male
Gomaa,male
AbdelBary,male
Mandy,female
Ramsis,male
Aley,male
Labib,male
Serag,male
Sabbah,female
Evon,male
Hashish,male
AbdelSadek,male
Ragya,female
Zohour,female
Rowaida,female
Harby,male
Ekramy,male
Hamdoun,male
Sayed,male
Soheir,female
Hsan,male
AbdelSabour,male
Afraah,female
AboHaggag,male
Nairouz,female
Rady,male
Dawlat,female
Gad,male
Atwa,male
Omnya,female
Nagib,male
AboKassem,male
Hakem,male
Hosna,female
Maged,male
Gamila,female
Saed,male
Lobna,female
Rakia,female
Habib,male
Laila,female
Fahim,male
Johnny,male
Raghda,female
Shafik,male
Habiba,female
Maybel,female
Layaly,female
Antar,male
Marian,female
Ahmos,male
Hamadein,male
AbdelBadea,male
Yacoub,male
AbdelMalak,male
Hagar,female
Sohaila,female
Ganah,female
Al,male
Mario,male
Magd,male
Aziza,female
Sifour,male
Neverty,female
Khaireya,female
Awady,male
Osma,male
San,female
Fetyan,male
Tharwat,male
Hemeida,female
Raslan,male
Nehad,male
Eatemad,male
Mohaeb,male
Amthal,female
Adly,male
Hany,male
Radwan,male
Mohga,female
Haroun,male
Eskander,male
Rimonda,female
Mazmal,male
Gehad,male
Abed,male
Fayza,female
Raef,male
Samira,female
Madiha,female
Shaza,female
AbdelRehim,male
Fatin,female
Nada,female
Esam,male
Nasr,male
Menawar,male
Mousa,male
Thabet,male
Mabkhout,male
Ater,male
Souma,female
Nahla,female
Zahow,male
Shaimaa,female
Maisoun,female
Yakan,male
Abd,male
Rafik,male
Karima,female
Walid,male
Zamzam,female
Taky,male
Bekhit,male
Ghazy,male
Novert,male
Ereida,female
Hadir,female
AbdelSamea,male
AboFetouh,male
Anid,male
AbdelNour,male
Moatasem,male
Ekram,female
AboYazid,male
Basha,male
Nabih,male
Rafika,female
Samar,female
Amer,male
Susan,female
Mortada,male
Elias,male
Fatma,female
Aliaa,female
Moslem,male
Rozella,female
Bothaina,female
Tadros,male
Fawzeya,female
AbdelRahim,male
Amira,female
Safwan,male
Eisa,male
Soheil,male
Alice,female
AbdelMaksoud,male
AbdelSalam,male
Marina,female
Takeya,female
Ola,female
Farahat,male
Gamil,male
Engy,female
Waled,male
Nageya,female
Arig,female
Raous,male
Ayman,male
Gelil,male
Fekreya,female
Hamza,male
Khalafallah,male
Zoheir,male
Andrew,male
Islam,male
AbdelLatif,male
Bishoy,male
Fares,male
Raed,male
Basant,male
Bakr,male
Samiha,female
Margret,female
Mervat,female
Hammouda,male
Meshael,female
Rawda,female
Shennawy,female
Sharkawy,female
Hasib,male
Manal,female
AbdelKhalek,male
Esmat,male
Ragaa,female
Adnan,male
Wael,male
Ebeid,male
Bashar,male
Marco,male
Khalaf,male
Ghayeth,male
Shabrawy,male
Wagih,male
May,female
Serry,male
Hasanien,male
Nagaty,male
Aminas,female
Nagy,male
Sobhy,male
Ateya,male
Mohamed,male
dalia,female
Kamar,male
Maabad,male
Mogheira,female
walid,male
Farghaly,female
Gawad,male
Badea,female
Mira,female
Aleya,female
Fekry,male
AbdelKarim,male
Odette,female
AbdelGhany,male
Maha,female
Tolba,male
John,male
Hamadt,male
Viola,female
Kawthar,female
Sadek,male
Neama,female
Samir,male
Oliver,male
Metry,female
Nihad,male
Taysir,female
Heshmat,male
Mamdouh,male
Mabrouk,male
Rim,female
Marwa,female
Ester,female
Nesrin,female
Lucy,female
Mokbel,male
Wahid,male
Raouf,male
Mekky,male
Kasem,male
EzzRegal,male
Nazira,female
Romany,male
AbdELKarim,male
sherif,male
Diaa,male
Ferial,female
Seham,female
Odib,male
Kirolos,male
Mohsen,male
Mohammady,male
Waganat,female
Hasanein,male
Loay,male
Mahsoub,male
Fadl,male
Rezk,male
Benyamin,male
Rehab,female
Rabha,female
Yomna,female
Awatef,female
Lorice,female
Maamoun,male
Fadwa,female
Elwy,male
Nael,male
Samhan,male
Takwa,female
Ateyat,female
Walaa,female
Sahara,female
Zayed,male
Sherine,female
Nasef,male
Ashraf,male
Samoeil,male
AboEla,male
Ebraam,male
Arafa,male
MoatasemBellah,male
AbdelMawgoud,male
AboFadl,male
Moshira,female
Zahgar,male
Zaid,male
Charl,female
Zaher,male
Naged,male
Toson,male
Basily,male
Hanna,female
Selhy,male
Bahey,male
Doaa,female
Sara,female
Mongy,male
Rashed,male
Noseir,male
Galal,male
AbdelGhaffar,male
Lamloum,male
Fahima,female
AboFattouh,male
Louis,male
Tawfik,male
Badran,male
Haitham,male
Fardous,female
Waly,male
Enmar,female
Kamelia,female
Metwally,male
Desouky,male
Mary,female
Omar,male
Mirette,female
Gaafar,male
Mokhtar,male
Abdallah,male
Wedad,female
Hanan,female
Ata,male
Aml,female
Fadia,female
Safwat,male
Boghdady,male
Zahaby,male
Gihan,female
Olivia,female
Mohey,male
Akram,male
Riad,male
Safinaz,female
Zakreya,male
Morad,male
khaled,male
Emam,male
Nabaweya,female
Anwar,male
Omnia,female
Samara,female
Tahsin,male
joy,female
Hasan,male
Zainab,female
Ashry,male
Nouran,female
Hussein,male
Lilian,female
salwa,female
Nassar,male
AbdEllah,male
Safaa,female
Kamel,male
Gilan,female
Mahd,female
Sheham,male
Mahrous,male
NegmDin,male
Meshref,male
Sahar,female
Asef,male
Miranda,female
Hakima,female
AbdelMagid,male
Bahnasy,male
Hosny,male
ahmed,male
Gouhar,male
Ahdy,male
Sharbat,male
Fakhr,male
AboHasan,male
AbdelDayem,male
Nabil,male
Eftenan,female
AbdelHakim,male
Sanad,male
Hamatto,male
Nawal,female
Saber,male
Arkam,male
Ebtesam,female
Dawoud,male
Montaser,male
Safeya,female
Shobaib,male
Atef,male
Roben,male
AbdelSattar,male
Warda,female
Joseph,male
Hamed,male
Ramezy,male
Rofaida,female
Effat,female
Ekhlas,female
Mehanna,female
Soumaya,female
Tereiz,female
Omaima,female
Kalthoum,male
Bahira,female
AbdelAaty,male
Nassary,male
karim,male
Hamadeya,female
AboMagd,male
Amina,female
Arbesima,female
Shenouda,male
Amany,female
AbdelRaouf,male
Micheal,male
Faiza,female
Rahmy,male
Mayada,female
francis,male
Sharaf,male
Basiouny,male
Youhanna,female
Eid,male
Nefisa,female
Ahlam,female
Seif,male
Sokkarno,male
AboSaud,male
Ragia,female
Maarouf,male
Riham,female
Meral,female
Shamroukh,male
Nasra,female
Hamdan,male
Nevine,female
Yasmine,female
Gouhara,female
Mikhael,male
Shokry,male
Bahig,male
Wadie,male
Rashad,male
Rabeh,male
Bassema,female
Kandil,male
Sherbiny,male
Armeya,female
Baz,male
Saneya,female
Shehata,male
Demiana,female
Wasim,male
AbdelKader,male
HebatAllah,female
Ghanem,male
AbdAllah,male
Nezamy,male
AbdelNaser,male
Amir,male
Ibaa,female
Hayam,female
Kadry,male
AboMosallam,male
Niazy,female
AbdelAal,male
Wesam,male
Hamdy,male
Mahmouf,male
Amin,male
AlAllah,female
Somaya,female
Talaat,male
Georgina,female
Moanes,male
Terry,male
Hadia,female
AboShady,male
Gamalat,female
Beshry,male
Wadid,male
Nasif,male
AbdelMotteleb,male
Hesham,male
Amal,female
Ezzat,male
Jannat,male
Nihal,female
Aida,female
Kirollos,male
Ehab,male
Hamada,male
Baheya,female
Marihan,female
Olachrestina,female
Joliette,female
Philip,male
Shaker,male
Samer,male
Momtaz,male
Nan,female
Jaklin,female
Saleh,male
Estit,male
Antoun,male
Wafik,male
Izenhawar,male
Sonia,female
Alex,male
Magda,female
Senousy,male
Loukas,male
Mohannad,male
Zaky,male
AbdelBaky,male
Arnest,male
Othman,male
Samia,female
Aref,male
Aziz,male
Nady,male
Amr,male
Poula,female
Selim,male
Reda,male
Ragy,male
FatmaZahraa,female
Khalil,male
Agib,male
Rany,male
Nathan,male
Chris,male
Martin,male
Fify,female
Bosat,male
Shahbour,male
Refky,male
Chrestina,female
AbdelMoamen,male
AbdelMonaem,male
Aman,male
husseiny,male
MOhamed,male
Magdy,male
Fayed,male
Gebril,male
Gahenda,female
Ensherah,female
kefah,female
Tayea,female
Liza,female
Dina,female
Hebatallah,female
Rasha,female
AboNaga,male
Esaad,female
Arsany,male
Aya,female
Amgad,male
Hanafy,male
Moftah,male
Mona,female
AbdelMaaboud,male
Yaser,male
Masaud,male
Saahar,male
Hemida,female
Janette,female
Emanuel,male
Mokhles,male
Wasila,female
Awadallah,male
AbdelGaber,male
Maysa,female
Hosseny,male
Mahfouz,male
Wahby,male
Saudy,male
Alam,male
AbdelRazek,male
AbdelAlim,male
Shamel,male
Ishak,male
Marseal,male
Shahenda,female
Wafika,female
Ebtehag,female
Nazih,male
Afandeya,female
Fainan,female
Mosaad,male
Florans,male
Ibarhim,male
Zahra,female
Salem,male
Tahany,female
Bahgat,male
Haya,female
Samiah,female
Refaat,male
Moaz,male
Evette,female
Sherry,female
Megahed,male
Mahmoud,male
Diab,male
Khaled,male
Jermin,female
Halim,male
Mehrez,male
Hefzy,male
Saher,male
Nahed,female
Ayesh,male
Morkos,male
Salama,female
Embaby,male
Nadim,male
Ramez,male
Said,male
Fahmy,male
Eshrak,male
Suzan,female
Rabab,female
Nobel,male
Sheneishan,male
Samy,male
Nabawy,male
Azmy,male
Hoda,female
Sawes,male
Fadel,male
Alyaa,female
Fawzy,male
Mondy,male
Fakhry,male
Albeir,male
Dalia,female
Ahmady,male
Noshy,female
Fayez,male
fatma,female
Alamy,male
AbdelHady,male
AboHashem,male
Shahir,male
Noaman,male
Anan,male
Tary,male
AbdelHamid,male
Yehia,male
Miral,female
Hammad,male
Ashmawy,male
Jemy,male
Mariana,female
Belal,male
Borhan,female
Hanem,female
Claire,female
Samaa,female
Samah,female
Adolf,male
AboGheit,male
Tamer,male
Nonia,female
Hasnaa,female
Shawkat,male
Abboud,male
Mazen,male
Soad,female
Faika,female
Farouk,male
Ragaey,male
Moharram,male
Raafat,male
Hadil,female
Joudy,female
Kamal,male
Ibrahim,male
Nabiha,female
Henry,male
AbdelShakour,male
Zahran,male
Eric,male
Adham,male
Hady,male
Rateb,male
Tawhid,male
Kaoud,male
Rozaey,female
Abdo,male
William,male
Barakat,male
AbdelBaset,male
Anas,male
Akmal,male
Tasnim,female
Karem,male
Dorreya,female
Nofal,male
Rachel,female
Taghrid,female
Gamal,male
Erin,female
Christin,female
Boules,male
Bassam,male
Helmy,male
Sanaa,female
Asaad,male
Medhat,male
AbdelMottaleb,male
Yosra,female
Shafaey,male
Hazem,male
Omran,male
Latif,male
Fiby,female
Nesma,female
Wahib,male
Khairy,male
Ghattas,male
Howaida,female
Nabila,female
Shebl,male
Moatazza,female
Kais,male
Asem,male
Hegazy,female
Nawwar,male
Tarek,male
Nader,male
Thanaa,female
Mogib,male
AbdelHafez,male
Farid,male
Moheb,male
Rassam,male
Mark,male
Maram,female
Sheta,female
AbdelMoez,male
Fatheya,female
Basma,female
Shahhat,male
Sekina,female
AbdelAzim,male
Mehiar,male
Hend,female
Zaghloul,male
Shadia,female
Hamadoun,male
Kenawy,male
Baioumy,male
Isis,female
Sevin,female
Horreya,female
Samarad,male
Shouman,male
Younes,male
Badrat,male
Habashy,male
Moreed,male
Rita,female
Wahed,male
Hekmat,female
Mohamady,male
Nesim,male
Azza,female
Wissa,male
Rosalin,female
Arwa,female
Olfat,female
Suzy,female
Hassan,male
Taher,male
Sherifa,female
Hafez,male
Wasfy,male
Nayer,male
Borham,male
Makary,male
Shahira,female
Baher,male
Salib,male
Emad,male
Tawhida,female
Samaher,female
Vivian,female
mohamed,male
AbdelSamad,male
Magdolin,male
Hemmat,female
Wegdan,female
AbdelWahed,male
Naema,female
Faten,female
Nevinee,female
Yamen,male
Amna,female
Elen,female
Shimaa,female
